team,SRS,SOS,conf_wins,conf_losses,ppg,ppg_allowed,MP,FG,FGA,FG_pct,X3P,X3PA,X3P_pct,FT,FTA,FT_pct,ORB,TRB,AST,STL,BLK,TOV,PF,tournament
Abilene Christian,2.25,-2.09,11,7,76.7,67.6,40.6,26.3,60,0.438,6.86,21.5,0.32,17.3,22.9,0.754,10.4,32.1,14.9,10.9,1.86,12.6,22.3,0
Air Force,-5.67,1.33,4,13,59,66,40,21.6,49.6,0.436,7.17,21.6,0.333,8.62,13.3,0.649,5.93,26.6,12.5,5.45,3.03,13.6,18,0
Akron,0.91,-3.93,14,6,70.6,62.6,40.1,24.3,52.9,0.46,7.79,22,0.354,14.2,20.6,0.689,9.82,34.9,11.6,5.85,3.24,11.4,15.8,1
Alabama A&M,-14.43,-8.86,10,8,61.4,67,40.7,21.9,57.8,0.379,3.9,14.4,0.271,13.8,19.4,0.713,11.1,37.8,9.5,7.03,3.2,13.6,16.1,0
UAB,10.9,-0.14,14,4,80.3,66.7,40.4,29.6,63.2,0.468,7.89,21,0.376,13.3,18,0.739,12.1,38.3,12.9,9.54,4.17,11.5,16.5,1
Alabama State,-12.05,-5.45,8,10,69.7,75.2,40.3,24.2,56.8,0.426,6.23,18.7,0.332,15,21.5,0.698,10.5,34.3,12,7.55,3.58,15.4,18.1,0
Alabama,14.62,11.59,9,9,79.5,76.5,40.2,27.6,62.8,0.44,9.24,29.9,0.309,15,20.6,0.728,13.4,39.6,14.7,7.06,4.7,14.5,18.5,1
Albany,-9.8,-5.77,9,9,61.8,65.9,40.2,23,56.2,0.41,5.87,18.2,0.323,9.9,14.1,0.704,9.06,32,9.42,6.74,2.45,12.4,18,0
Alcorn State,-8.68,-4.12,14,4,66.5,71.1,40.3,24,58.4,0.412,5.38,17.1,0.316,13.1,18.9,0.692,11.8,35.9,10.4,7.44,2.71,14.1,17.8,0
American,-15.38,-7.91,5,13,63.5,70.9,40.3,24.4,54.3,0.45,5.03,15.2,0.331,9.63,13.9,0.694,6.97,30.7,12.2,6.53,3.06,13.3,14.9,0
Appalachian State,-1.45,-1.45,12,6,67.1,63.1,40.1,24.2,57.8,0.418,8.32,24.9,0.335,10.4,15.8,0.659,9.85,35.3,12.6,5.62,2.5,10.3,12.9,0
Arizona State,7.64,9.48,10,10,65.4,67.2,40.6,25,60.4,0.414,6.9,22.5,0.307,8.48,12.8,0.661,9.42,35.5,13.4,6.68,4.23,11.9,18.1,0
Arizona,22.75,6.84,18,2,84,68.1,40.3,30.2,61.3,0.492,7.76,22,0.352,15.8,21.4,0.739,11.6,41.4,19.6,6.73,5.68,13.4,16.7,1
Little Rock,-12.05,-0.73,3,11,66.7,73.1,40.7,23.3,55.1,0.422,7.04,20.9,0.337,13.2,17.9,0.735,8.32,31.5,13,6.93,2.14,13.8,16.7,0
Arkansas-Pine Bluff,-18.96,-4.58,5,13,66.3,78.3,40.2,22.8,55.9,0.409,6.84,22.7,0.301,13.8,19.3,0.715,8.77,29.5,11.5,7.16,2.58,13.1,17.4,0
Arkansas State,-3.27,-3.5,8,7,70.9,68.1,40.2,25.7,57,0.451,5.41,17.4,0.311,14.1,18.9,0.745,10.1,36,15.6,7.9,3.31,13.9,16.6,0
Arkansas,16.27,8.62,13,5,75.9,68.3,40.3,26.3,60.6,0.434,6.3,20.7,0.304,17.1,22.5,0.76,10.8,37.8,13.8,7.59,4.14,12.2,16.9,1
Army,-10.53,-7.53,9,9,70.4,70.4,40.3,25.9,59.3,0.437,6.74,21,0.321,11.8,18.7,0.63,11.1,37.2,12.5,7.84,1.87,13.2,14.8,0
Auburn,19.2,8.17,15,3,78.2,67.2,40.6,27.7,63.7,0.435,8.06,25.4,0.318,14.7,20.1,0.731,12.8,40.4,14.7,8.35,8,12.1,18.5,1
Austin Peay,-10.02,-3.39,8,10,64.7,69.1,40.5,23.1,56.5,0.408,7.9,25,0.315,10.6,15,0.706,10.6,32.8,13.5,6.41,2.03,14,16.7,0
Ball State,-7.99,-4.56,9,10,74.3,76.8,40.2,25.4,57.5,0.442,8.55,23.7,0.361,14.9,21.5,0.694,9.71,35.6,13.2,6.06,2.42,14,17.9,0
Baylor,21.73,8.76,14,4,77,64.1,40.3,28.3,61.3,0.462,8.06,23.5,0.343,12.4,17.8,0.697,12.9,37.2,15.9,8.76,3.44,12.4,16.1,1
Bellarmine,-3.77,-1.28,11,5,70.1,67.2,40.2,26.6,56,0.475,7.79,22.9,0.34,9.12,12.1,0.753,7.27,30.3,14.5,5.61,1.67,9.45,14.3,0
Belmont,6.49,-2.57,15,3,78.3,68.6,40.3,29,59.4,0.488,8.55,25.8,0.332,11.7,15.8,0.743,7.76,33.5,18,9.06,3.91,11.8,13.7,0
Bethune-Cookman,-14.7,-6.7,7,11,63.4,69.5,40.3,23.7,56.8,0.416,4.8,14.3,0.336,11.2,16.3,0.689,10,32.6,10.7,7.93,2.43,13.4,17.1,0
Binghamton,-10.41,-6.18,8,10,67.7,68.4,40.2,25.7,58.3,0.441,7.34,20.8,0.354,8.86,13.4,0.661,9.52,36,11.5,5.66,3.66,12.6,16.7,0
Boise State,11.93,5.22,15,3,68.3,60.9,40.4,24.3,54.6,0.445,7.34,21.2,0.346,12.4,19.1,0.65,10.2,34.8,11.4,6,3.43,12.1,15,1
Boston College,4.03,5.22,6,14,66.9,68.1,40.6,24.6,57.5,0.428,5.76,18.6,0.309,12,17,0.704,10.7,34.2,12.4,7.18,2.94,11.9,15.6,0
Boston University,-5.07,-7.34,11,7,70.6,67.7,40.4,25.5,56.2,0.454,7.51,21.2,0.354,12,16.3,0.739,10.2,34.8,11,5.63,2.43,12.1,15.6,0
Bowling Green,-8.82,-4.44,6,14,80.3,80.5,40.3,28.4,65.3,0.435,8.23,24.2,0.34,15.2,20.5,0.739,12.1,38.8,12.6,7.32,3.42,12.3,17.7,0
Bradley,5.79,1.19,11,7,70.5,65.2,40.2,25.8,58.1,0.444,7.77,23,0.338,11.2,16.2,0.689,11.2,38.8,13.5,6.35,4.58,13.5,17,0
BYU,10.05,5.23,9,6,74.3,68.3,40.3,27.4,60,0.457,8,22.7,0.353,11.4,15.9,0.718,10.7,39.3,14.7,4.8,3.17,12.6,17.7,0
Brown,-3.32,-1.91,5,9,71,69.5,40,25.5,58.6,0.435,7.21,23,0.313,12.8,18,0.709,10.5,35.5,12.2,6.69,3.86,13.1,17.9,0
Bryant,-4.8,-7.41,15,2,78,73.4,40.3,27.5,62.9,0.437,8.25,27.1,0.304,14.8,20.3,0.732,12.6,41.3,13.9,6.47,4.47,13.9,17,1
Bucknell,-14.62,-6.37,5,13,71.2,79.4,40.9,25.6,55.9,0.457,7.91,21,0.376,12.1,15.8,0.765,6.81,31.7,14.7,4.63,3.13,13.5,15.3,0
Buffalo,1.9,-3.21,13,6,79.9,72.3,40,29.7,65.2,0.455,8.5,24.9,0.342,12,17,0.709,14.2,42.4,15,7.13,4.57,13.2,17.1,0
Butler,4.45,9.16,6,14,63.8,66.9,40.5,22.7,54.5,0.416,6.94,22.8,0.305,11.5,16.5,0.696,9.03,32.8,11,5.18,2.42,12,16.7,0
Cal Poly,-10.6,-3.3,4,12,61.5,67.3,40.5,21.2,51.8,0.409,5.25,18.1,0.29,13.9,19,0.728,9.25,35,10.5,4.71,2.43,14.7,19.4,0
Cal State Bakersfield,-7.57,-2.01,2,14,64.9,66.3,40,24.4,57.6,0.423,3.82,13.3,0.288,12.3,17.5,0.706,11.9,35,9.96,6.18,2.39,11.7,20.6,0
Cal State Fullerton,-0.04,-2.28,12,5,70,66.5,40,24.8,55.7,0.445,5.5,16.7,0.329,15,19.5,0.766,9.75,33.4,11.3,7.28,1.97,12.1,15.8,1
Cal State Northridge,-12.02,-1.41,3,15,61.6,71.2,40.5,22.6,56.1,0.403,5.13,16.9,0.303,11.2,16.5,0.682,9.83,31.7,9.17,7.2,2.53,12.3,18.7,0
Cal Baptist,-3.53,-3.34,7,11,70.6,67.2,40.1,24.4,55.9,0.437,8,24,0.333,13.8,20.4,0.673,10,37.1,15.9,5.18,2.74,13.9,18.4,0
UC Davis,-3.7,-4.29,6,6,67.8,66.4,40.2,25,56.9,0.44,6.08,18.3,0.333,11.7,16.5,0.705,8.88,34.3,11.3,6,2.88,12.5,18.5,0
UC Irvine,1.59,-0.93,10,5,66.2,60.3,40,24.4,55.1,0.442,5.04,15.5,0.325,12.5,16.3,0.765,10,36.3,10.9,6,3.56,13.5,18,0
UC Riverside,-0.92,-1.89,10,7,66.6,63.7,40.5,24.4,55.1,0.442,7.18,22.4,0.32,10.6,14.8,0.72,7.89,35.5,13.3,5.25,1.32,12.3,16,0
UC San Diego,-7.04,-3.78,7,11,70.2,70.6,40.2,24,54.2,0.444,9.14,24.7,0.37,13,17.4,0.748,5.93,30.6,13.6,5.76,1.83,12.6,14.6,0
UC Santa Barbara,1.38,-4.39,9,6,73.8,65.8,40.9,27,54.5,0.494,5.43,16.4,0.332,14.4,20.4,0.708,9.07,34.9,15.6,6.25,2.93,13.3,17.3,0
California,3.96,6.96,5,15,63.1,66.1,40.3,23.6,56.2,0.42,5.47,17.8,0.308,10.3,14.2,0.727,8.72,35,10.7,4.88,2.59,11.2,16.5,0
Campbell,-4.84,-5.76,8,8,66.2,62,40.3,24.9,54,0.46,6.34,19.9,0.318,10.1,14.9,0.68,6.93,31.9,13.9,6.21,2.28,10.4,13.8,0
Canisius,-7.48,-2.25,7,13,68.5,71.5,40.3,24.3,60.7,0.4,7.38,24.1,0.306,12.6,18.1,0.693,11.1,35.4,13,6.03,2.59,11.8,17.2,0
Central Arkansas,-13.83,-1.7,7,9,73.2,81.1,40.3,27.8,63.2,0.44,6.68,22.2,0.3,10.9,14.3,0.761,10.1,35.5,14.3,6.81,3.19,13.7,16.7,0
Central Connecticut,-17.43,-7.09,4,13,61.8,72.1,40.5,21.6,54.8,0.393,7.34,21.5,0.342,11.3,16,0.708,9.25,31.9,10.6,6.22,2.19,13.8,16.1,0
UCF,6.23,4.63,9,9,69.8,68.2,40.2,24.7,58.3,0.423,8.8,25.1,0.35,11.7,16.6,0.703,11.1,35.2,14.5,7,3.67,13,15.7,0
Central Michigan,-12.56,-1.52,6,12,65.9,77,40.2,23.1,56.5,0.409,7.73,22.7,0.341,11.9,17.2,0.692,9.2,33.2,11.5,6.27,3.03,13.6,19.9,0
Charleston Southern,-17.56,-4.21,1,15,68.5,76,40.2,24,59,0.408,8.26,26.8,0.308,12.1,17.9,0.676,10.5,36.2,12,6.55,3,14.6,16.2,0
Charlotte,-1.62,-0.42,10,8,70,71.2,40,25.2,54.8,0.46,7.52,21.8,0.345,12.1,15.3,0.792,7.1,31.3,14,4.81,2.9,11.5,14.1,0
Chattanooga,6.12,-0.94,14,4,74.2,64.4,40.3,27.3,58.8,0.464,7.89,22.9,0.345,11.7,15.6,0.746,10.8,36.1,12.8,7.2,2.14,11,15.6,1
Chicago State,-14.24,-1.96,3,15,62.1,74.4,40,21.9,56,0.391,7.59,24.5,0.31,10.8,16.4,0.654,11.5,33.3,9.47,5.47,2.25,14.8,19.7,0
Cincinnati,7.44,4.28,7,11,69.4,65.9,40,24.6,61,0.404,8.15,25.8,0.315,12.1,18,0.669,11.5,37.2,13.1,6.3,3.85,10.5,17.5,0
The Citadel,-6.8,-1.97,6,12,76.8,76.8,40.8,27,60.8,0.445,10.7,30.3,0.354,12,17.9,0.672,9.32,37.3,16.1,4.71,3.58,12.2,15.3,0
Clemson,9.59,6.31,8,12,71.7,68.5,40.3,25.8,56.6,0.456,7.76,21.4,0.363,12.4,16.8,0.736,8.52,34.6,14.2,5.91,2.33,11,15.8,0
Cleveland State,-1.78,-5.64,15,6,75.4,69.9,40.8,27.5,57.5,0.478,6.35,19.4,0.327,14,20.8,0.671,11.1,35.2,16.5,8.65,3.35,13.5,18.3,0
Coastal Carolina,0.66,-2.41,8,8,72.8,65.3,40.5,26.4,58.7,0.45,7.45,21,0.355,12.5,18,0.696,12.1,39.9,13.5,6.67,3.67,13.2,14.3,0
Colgate,0.98,-6.37,16,2,75.6,67.1,40.1,27.5,58.1,0.474,9.91,24.5,0.404,10.6,15.2,0.697,8.83,36.2,17.1,6.11,3.6,11.3,14.5,1
Charleston,0.52,-1.23,8,10,78.2,76.4,40.3,28,63.7,0.439,8.13,23.9,0.339,14.1,19.3,0.73,13.8,40.3,13.2,7.97,2.75,15.6,20.6,0
Colorado State,11.51,4.77,14,4,73.4,66,40.3,26.5,55.2,0.48,7.77,21.8,0.357,12.6,16.4,0.773,6.71,31.7,14.3,6.39,3.06,10.1,15,1
Colorado,9.82,6.15,12,8,71.1,67.4,40.3,24.8,56,0.442,6.88,18.8,0.366,14.7,19.4,0.756,9.97,37.1,13.4,5.48,3.18,13.5,15.6,0
Columbia,-17.5,-4.62,1,13,67.4,78.8,40.2,25,58.8,0.425,7.62,21.4,0.356,9.69,15.5,0.627,10.2,35.3,12,5.92,2.04,15.2,16.7,0
Connecticut,16.4,6.88,13,6,74.8,65.3,40.8,26.7,61.2,0.435,7.42,21.1,0.352,14.1,18.7,0.753,13.8,40.4,14,5.94,6.42,11.8,16.8,1
Coppin State,-12.78,-5.03,6,8,66.9,74.7,40,22.3,57.8,0.386,8.56,28.9,0.297,13.7,20,0.684,7.81,34.2,11,8.06,3,14.4,16.8,0
Cornell,-3.41,-3.45,7,7,79.2,74.7,40.2,28.3,60.6,0.467,9.65,27.7,0.348,13,18.4,0.707,9.92,37.9,17.3,7.92,2.92,14.2,18.7,0
Creighton,11.34,8.54,12,7,69.2,66.4,40.4,25.6,57.2,0.448,6.71,21.8,0.308,11.3,15.3,0.738,9.6,38.1,13.3,5.49,4.26,14.1,13.6,1
Dartmouth,-4.12,-2.62,6,8,68.4,68.2,40.6,24.3,58.4,0.417,8.88,26.2,0.339,10.8,14,0.772,8.4,33.1,10.4,6.64,3.36,11.5,16.1,0
Davidson,10.43,1.92,15,3,75.5,66,40.1,26.7,55.5,0.481,8.85,22.9,0.387,13.2,17.6,0.754,7.38,34.1,14.6,4.62,2.59,9.79,14.8,1
Dayton,10.41,2.41,14,4,69.2,61.2,40.1,25.7,53.8,0.478,6.54,18.1,0.361,11.2,16.4,0.683,9.2,35.2,14.4,5.54,3.86,12.4,13.9,0
Delaware State,-22.63,-7.39,0,14,62.8,73.5,40.2,22.6,56,0.404,6.04,18.6,0.325,11.5,17.1,0.672,9.93,35.3,9.68,7.25,4,17.5,18,0
Delaware,0.32,-1.82,10,8,73.4,70.2,40.3,26,55.4,0.469,7.46,21.5,0.347,14,18.8,0.744,8.51,32.5,12.6,6.66,3.69,12.6,15.6,1
Denver,-10.12,-5.96,7,11,70.5,74.4,40.5,25.5,55.4,0.46,7.25,19.7,0.368,12.3,17.6,0.697,7.53,32.3,12.3,5.22,3.34,12.9,17.4,0
DePaul,7.83,6.73,6,14,73.3,72.2,40.2,26.3,60.7,0.433,6.58,20.8,0.317,14.1,20.3,0.693,11.8,38.5,11.4,6.23,5,12.3,15.7,0
Detroit Mercy,-6.33,-5.02,10,7,70.7,70.5,40,25.1,57.2,0.438,10.4,27.9,0.374,10.2,13.1,0.776,9.27,31.6,12.1,5.87,1.93,11.6,15.4,0
Dixie State,-8.53,-0.53,6,12,72.5,74.1,40.2,25.6,60.2,0.426,7.06,22.5,0.314,14.1,20.8,0.679,10.7,38.5,15.5,6.71,2.42,15,18.8,0
Drake,7.34,1.04,13,5,73.9,66.4,40.8,27.2,59.1,0.46,7.03,20.4,0.344,12.5,16.5,0.755,9.89,34.7,11.9,7,3.19,10.8,17,0
Drexel,-0.29,-1.9,10,8,72.8,70.3,40.3,27.4,59.2,0.463,7.28,21,0.346,10.7,15,0.71,8.52,34.2,12.5,4.76,3,10.9,15.2,0
Duke,19.55,7.26,16,4,80.1,67.8,40.1,29.7,60.4,0.491,7.9,21.6,0.366,12.8,17.3,0.738,10.5,37.9,16.5,6.38,5.62,10.3,13.6,1
Duquesne,-6.34,1.86,1,16,65.2,73.4,40.7,24.7,61.4,0.403,6.23,20.5,0.305,9.5,13.4,0.707,11.4,34.1,10,6.63,4.37,11.5,13.9,0
East Carolina,0.49,2.66,6,11,68.8,70.9,40.3,23.3,57.5,0.406,7.5,22.5,0.333,14.5,19.3,0.754,9.97,35.2,14.7,6.77,3.07,13,16.2,0
East Tennessee State,-2.76,-0.36,7,11,72.1,73,40.2,26.7,60,0.444,8.78,25.1,0.35,9.97,13.8,0.725,10.9,34.8,13.1,6.75,2.78,11.3,14.8,0
Eastern Illinois,-21.07,-3.97,3,15,56.3,71.1,40,20.1,50.5,0.398,5.97,18.3,0.326,10.2,15.9,0.638,7.1,29.4,11.8,6.32,3,16,14.5,0
Eastern Kentucky,-6.75,-5.38,5,11,79.3,75.1,40.8,28.6,68.5,0.417,11.7,33.2,0.353,10.3,14.6,0.706,12.5,36.2,15.6,10.2,3.65,11.6,16.5,0
Eastern Michigan,-10.86,-3.03,5,15,69.1,76,41,25.2,58.6,0.431,6.32,20.5,0.308,12.4,17.8,0.695,8.32,34.8,10.1,5.84,3.19,13.8,17.5,0
Eastern Washington,-5.2,-5.14,11,9,76.9,74.6,40.3,26.6,58.8,0.453,8.82,25.2,0.35,14.7,19.6,0.752,9.09,36.7,15.8,5.56,2.76,13.3,18.6,0
Elon,-6.15,1.39,7,11,67.1,72.2,40,23.9,56.3,0.426,8.53,24.9,0.342,10.7,14.5,0.737,8.88,33.2,12.5,4.84,2.44,13,20.3,0
Evansville,-10.95,1.4,2,16,59.2,70.7,40.8,21,52.7,0.398,8.17,24.8,0.33,9.07,12.8,0.708,4.8,27.2,10.5,5.93,2.03,11.2,14.7,0
Fairfield,-3.88,-4.09,8,12,67.8,66,40.5,24.8,57.3,0.434,7.61,22.4,0.34,10.5,15,0.704,9.48,34.6,11.9,5.42,3.06,11,15.9,0
Fairleigh Dickinson,-18.13,-6.21,4,11,67.2,79.2,40.4,24.3,59.8,0.406,6.85,21.2,0.324,11.8,16.6,0.708,10.3,33.1,11.8,6.46,2.96,13.7,18.3,0
Florida A&M,-12.05,-6.7,11,7,65.1,68.8,40.3,24.4,57,0.428,4.57,15.1,0.302,11.6,16.5,0.705,8.97,32.6,12,6.27,3.07,12.5,17.7,0
Florida Atlantic,2.63,-1.82,11,7,74.1,68.1,40.1,26.7,58.9,0.453,8.79,25,0.352,11.9,16.8,0.712,10.9,36.3,13.4,7.38,2.85,12.9,16.9,0
Florida Gulf Coast,-3.07,-4.91,10,6,77.7,73.7,40.9,27.8,61.2,0.454,10.2,29.2,0.35,11.9,17.7,0.676,11.2,38.8,15.7,6.68,4.82,13.5,14.8,0
FIU,-6.47,-3.27,5,13,70.8,71.1,40.8,25.4,59.1,0.43,9.63,27.5,0.35,10.3,14.7,0.702,9.59,35,13.8,6.41,4,14,15.4,0
Florida State,6.39,7.32,10,10,71,71.9,40.3,25.8,59.4,0.434,6.71,20.3,0.331,12.7,18,0.708,11.4,34.9,14.4,8.52,4.87,12.5,16.3,0
Florida,11.93,7.84,9,9,70.6,66.5,40.3,24.3,56.9,0.426,7.91,26.1,0.303,14.1,19.2,0.735,11.1,33.6,12.8,8.35,5.03,12.4,16,0
Fordham,-0.89,-0.2,8,10,66.1,66.8,40.6,23,58.4,0.394,7.41,25,0.297,12.6,17.4,0.727,10.2,36.8,11.8,7.31,3.72,13.2,17.7,0
Fresno State,8.36,1.94,8,9,66.2,59.4,40.7,23.8,53.2,0.446,6.94,20.6,0.337,11.8,16.6,0.711,8.83,34.1,12,6.11,2.81,11.2,15.4,0
Furman,6.2,-1.44,12,6,77.6,68.7,40.9,27.8,59.9,0.464,11.8,31,0.38,10.3,13.6,0.757,9.29,33.1,17.4,8.26,3.5,10.5,14.6,0
Gardner-Webb,-2.35,-4.43,11,5,69.5,64.2,40,25.3,57,0.444,7.42,22.5,0.329,11.5,16.4,0.701,8.81,36.9,13.2,7.26,4.74,13.4,18.3,0
George Mason,4.18,1.98,7,9,70.7,68.5,40.8,25,56.2,0.446,9.33,26.1,0.358,11.3,16.3,0.694,8.27,34.7,14.1,5.07,3.17,12.2,16,0
George Washington,-4.07,0.4,8,9,68.4,72.8,40.5,25.3,59,0.428,7.13,21.1,0.338,10.7,15.3,0.698,8.3,33.3,12.3,6.9,4.17,12.6,17.1,0
Georgetown,1.71,8.03,0,19,70.7,77,40,24.8,62.1,0.4,7.65,22.4,0.342,13.4,18,0.744,12.7,37.3,11.8,7.16,3.84,13.4,16.2,0
Georgia Southern,-7.04,-3.04,5,11,66.4,65.6,40.3,24.6,55.1,0.447,5.86,19.3,0.304,11.3,16.7,0.68,9.76,34.7,12,7.45,3.45,14.3,17.6,0
Georgia State,-1.11,-1.34,9,5,70.7,65.7,40.5,24.9,62.3,0.4,7.62,23.1,0.33,13.2,18.4,0.72,13.3,37.4,13.5,8.79,4.48,11.7,16.1,1
Georgia Tech,2.24,6.08,5,15,68.6,70.8,40.6,25.7,58.3,0.441,7.13,20.2,0.353,10,14.4,0.698,8.88,34,13.7,7.78,2.56,13.1,18,0
Georgia,-0.63,8.06,1,17,69.8,78.5,40,23.8,53.9,0.442,6.41,19.9,0.321,15.7,21,0.747,8.41,32.7,13.9,5.22,2.16,14.4,15,0
Gonzaga,25.46,4.5,13,1,87.2,66.2,40,32.7,62.6,0.521,8.19,22.1,0.37,13.7,19.2,0.713,9.66,41.9,18.1,6.41,5.81,11.6,15.5,1
Grambling St.,-12.35,-5.08,8,9,65.4,71,40,23.4,57.6,0.407,5.09,16.2,0.315,13.5,19,0.71,10.4,35.8,10.9,6.59,3.34,14.2,18.3,0
Grand Canyon,5.81,-2.57,12,5,71.1,61.2,40,25.3,58.8,0.43,8.16,23.2,0.351,12.4,18.2,0.679,12.7,40.3,12.8,6.65,2.19,13,17.7,0
Green Bay,-13.89,-5.44,4,16,61.7,68.9,40,22.3,53.1,0.419,5.2,18.4,0.282,12,16.8,0.714,8.93,30,10.7,4.97,2.77,12.9,15.4,0
Hampton,-13.54,-6,5,11,64.8,69.5,40.4,22.4,56.1,0.399,5.75,19.6,0.293,14.2,20.3,0.7,8.36,34.5,10.4,5.18,4.04,12.6,18.4,0
Hartford,-10.03,-7.69,9,9,69.8,72.2,40.2,25,55.6,0.449,9.28,25.1,0.369,10.6,15.3,0.69,7.75,32.4,12.2,6.03,3.16,12.2,15,0
Harvard,-4.68,-4.2,5,9,71.5,69.1,40.6,26,60.2,0.432,8.5,25.7,0.33,11,15.8,0.693,9.35,34.7,11.3,7.62,2.42,12.3,15.7,0
Hawaii,-0.52,-3.06,12,5,68.9,64.1,40,23.8,54.1,0.441,8.14,22.7,0.358,13.1,17.6,0.744,9.21,35.2,12.3,3.54,2.14,13,16.8,0
High Point,-6.53,-3.39,7,9,69.5,69.8,41.1,25.3,57.2,0.442,6.5,19.4,0.335,12.5,19.6,0.64,10.1,35.7,12.5,6.47,4.66,13.3,17.3,0
Hofstra,1.8,-0.6,13,5,77.9,72.9,40.3,29,62.6,0.463,9.53,28,0.34,10.4,13.1,0.797,8.22,33.2,15.5,7.97,2.72,10.3,14.9,0
Holy Cross,-16.84,-7.87,7,11,65.2,70.7,40,23.9,57.8,0.414,5.84,17,0.343,11.5,16.3,0.708,10,33.8,10.2,5.94,3.81,12.5,16.9,0
Houston Baptist,-14.47,-6.71,6,8,75.5,76.6,40.7,26.3,59,0.445,6.9,21.4,0.322,16.1,22.6,0.711,11.4,36.2,13.4,7.9,2.55,15.1,19,0
Houston,22.55,6.47,15,3,74.8,58.8,40.4,27.7,59.7,0.465,7.84,23.2,0.338,11.5,17.3,0.667,13.3,39,16.2,8.03,5.16,11.1,17.2,1
Howard,-6.76,-8.53,9,5,76.4,69.6,40.2,26.2,59.6,0.439,8.45,23.6,0.359,15.6,20.9,0.745,10.2,34.4,14.4,8.38,3.59,14.8,18.1,0
Idaho State,-14.96,-5.28,5,15,64.4,71.5,40.2,22.4,53.6,0.419,7.07,22.8,0.31,12.4,18.2,0.684,9.87,32.7,10.4,4.53,2.2,13.8,18.2,0
Idaho,-13.19,-4.78,6,14,73,79.6,40.3,25.2,56.9,0.442,8,21.5,0.372,14.7,20,0.735,8.19,34.2,11.9,3.55,2.23,13.6,19.6,0
Illinois-Chicago,-8.78,-6.37,9,10,72,72.9,40.5,26.6,60.5,0.44,9.03,27.9,0.324,9.73,13.8,0.705,8.7,33.4,14.7,5.77,3.97,12,17.2,0
Illinois State,-0.78,0.74,5,13,74.2,74.7,41.1,26.3,58.4,0.451,7.85,21.4,0.367,13.6,18.3,0.745,9.73,35.3,12.3,6.79,4.73,13.8,17.4,0
Illinois,16.69,9.48,15,5,74.4,67.2,40.3,26.2,58.3,0.448,8.94,24.9,0.359,13.2,18.7,0.706,11.5,38.5,15.2,5.18,3,12.4,16.3,1
Incarnate Word,-17.03,-4.34,3,11,67,76.4,40,23,55.4,0.416,8.63,24.8,0.348,12.3,15.8,0.784,7.94,29.7,11.6,5.19,1.78,13.5,17.4,0
Indiana State,-3.49,1.94,4,14,70.5,71.9,40.8,25,56.7,0.441,8.71,26.1,0.333,11.7,15,0.778,6.19,34,13.1,6,1.94,13.2,15.2,0
Indiana,12.71,8.08,9,11,70.8,66.2,40.4,25.8,56.8,0.454,5.89,17.7,0.333,13.3,19,0.7,9.09,36.1,14.6,5.63,4.83,11.8,17.4,1
Iona,5.47,-1.14,17,3,75.2,68.6,40.3,26.4,59.2,0.447,7.09,21.3,0.332,15.3,22,0.693,11.4,37,16.1,6.55,6,12.7,18.2,0
Iowa State,12.38,9.33,7,11,65.6,62.5,40.3,24.3,56.3,0.431,6.69,21.2,0.315,10.4,15.2,0.683,9.63,32.4,14.7,8.54,3.11,13.8,18.3,1
Iowa,18.9,6.87,12,8,83.2,71.2,40.3,29.8,64.5,0.461,9.19,25.3,0.363,14.5,19.4,0.749,11.9,37.3,16,7.33,4.33,9.22,16.2,1
Purdue-Fort Wayne,-5.59,-6.69,15,6,73.5,69.6,40.6,26.2,57.2,0.458,9.42,25.4,0.371,11.7,15.6,0.748,7.52,30.9,14.1,8.76,2.48,13.4,15.2,0
IUPUI,-23.61,-6.5,1,16,52.4,67.1,40,19.2,50.6,0.38,5.14,17.6,0.292,8.9,13.3,0.667,10.3,31.5,10.4,5.72,2.55,16.6,17.7,0
Jackson State,-10.1,-5.6,9,9,61,65.5,40.2,23.1,56.7,0.408,5.17,17.2,0.3,9.53,15,0.634,11.2,35.1,10.8,6.1,3.9,13.2,17.1,0
Jacksonville State,-0.19,-3.79,13,3,73.5,67.2,40.2,26.2,56.1,0.467,9.28,24,0.386,11.9,17.3,0.686,9.63,36.8,14.3,6.22,2.88,13.1,14.3,1
Jacksonville,-2.06,-5.21,11,5,67.1,59.3,40.2,24.8,55,0.45,6.03,17.4,0.347,11.5,16.3,0.708,10.8,36.4,12.5,6.55,1.94,11.4,15.1,0
James Madison,-4.13,-1.1,6,12,75.1,73.2,40.5,27.7,59.9,0.463,7.41,21.5,0.345,12.2,17.6,0.697,9.28,33.4,13.4,8.52,2.1,12.4,16.4,0
Kansas State,10.61,9.06,6,12,69,67.5,40.3,24.1,57.4,0.42,8.42,24.3,0.346,12.3,17,0.726,8.87,33.2,12.5,7.32,1.65,11.5,17.1,0
Kansas,22.28,11.3,14,4,78.2,67.3,40.4,28.6,59.8,0.478,7.15,19.8,0.361,13.9,19.4,0.717,10.9,37.9,15.3,6.28,4.3,12.1,15.9,1
Kennesaw State,-4.51,-2.62,7,9,74.8,71.2,40.6,27.4,59.2,0.463,8.32,22.8,0.365,11.6,17.6,0.662,10.7,35.5,14.4,7.13,2.77,12.4,17.1,0
Kent State,-0.13,-3.07,16,4,71.3,65.2,40,25.1,56.8,0.441,7.56,22.7,0.333,13.6,18.2,0.746,10.4,35.9,12.4,7.12,3.44,12.2,18.1,0
Kentucky,20.9,8.02,14,4,79.4,66.6,40.3,30.3,62.7,0.483,6.09,17.5,0.347,12.8,17.6,0.726,13,40.1,16.1,6.79,4.24,11.6,14.3,1
La Salle,-3.5,0.54,5,13,67.5,71.5,40.5,24.8,59.9,0.414,7.63,23.9,0.319,10.3,15,0.687,10.8,36.5,13.4,5.9,4.27,13.1,17.2,0
Lafayette,-12.6,-6.67,7,11,67.8,72.8,40.8,25.2,58.3,0.433,8.77,26.7,0.328,8.57,12.5,0.684,8.03,31.9,16.2,6.27,3.37,11,14.4,0
Lamar,-15.86,-2.6,0,16,61.3,73,40,22.9,57,0.401,5.24,17.5,0.299,10.3,14.9,0.688,11,34.8,11.1,5.83,2.97,14.6,18.8,0
Lehigh,-10.82,-7.56,10,8,68.4,71.4,40.2,24.9,55.7,0.447,8.13,21.3,0.382,10.6,14.3,0.741,6.94,33.3,14.2,4.41,3.56,13.3,16.9,0
Liberty,1.86,-4.01,12,4,73.4,63.5,40.3,25.8,54.6,0.473,10.3,27,0.382,11.5,15.2,0.756,7.09,34.3,14.7,5.39,1.91,11.6,15,0
Lipscomb,-8.42,-3.29,6,10,74,76.8,40,25.8,56.4,0.457,8.09,23.5,0.344,14.4,19.8,0.729,7.64,35.9,15.2,4.42,2.7,12.9,13.5,0
Long Beach State,-0.65,0.35,14,3,73.8,73,40.5,25.5,58.4,0.437,6.45,18.6,0.346,16.4,22.5,0.729,9.85,35.3,12.5,7.03,3.09,13.2,16.4,0
LIU,-7.62,-7.03,12,6,74.8,73.5,40.3,27.1,63.2,0.428,7.93,25.3,0.314,12.8,18.8,0.68,11.8,39.4,16.9,7.7,4.9,13.6,16.9,0
Longwood,-0.35,-6.11,15,1,75.7,65.8,40.3,26.5,58.5,0.452,8.15,21.6,0.378,14.7,20.2,0.726,11.9,36.9,14.1,7.79,2.39,12.1,15.4,1
Louisiana,-2.71,-2.91,8,9,71.1,69.4,40.3,24.7,57.8,0.428,7.35,21.3,0.346,14.3,20.3,0.703,11.9,38.8,12.4,6.81,4.35,15.4,17.9,0
Louisiana-Monroe,-8.7,-2.59,5,13,72.5,74.3,40.5,27.1,59.6,0.454,7.06,20.9,0.338,11.3,15.5,0.724,8.9,32.4,15,7.19,2.74,12.7,16.8,0
LSU,17.45,8.3,9,9,72.6,63.4,40.3,25.9,59,0.438,6.47,20.5,0.316,14.4,19.7,0.731,12.1,37,12.7,11,4.26,14.7,19.1,1
Louisiana Tech,5.23,0.11,12,6,75.2,68,40,26.8,58.9,0.455,8.26,24.3,0.34,13.4,18.5,0.725,9.26,36.2,13.7,6.5,2.15,11.5,14.6,0
Louisville,4.23,7.01,6,14,67.3,70.1,40.3,24.8,58.8,0.422,7.69,24.8,0.309,9.94,14.8,0.674,9.97,36.5,11.9,6.13,2.41,12.2,17.2,0
Loyola Chicago,13.39,2.93,13,5,72.8,61.5,40.6,25.9,54.4,0.476,8.88,23.4,0.379,12.1,17,0.712,7.79,33.9,14.9,6.94,2.42,12.2,17.2,1
Loyola Marymount,-1.93,3.25,3,12,69.3,74.1,40.3,24.8,54.5,0.454,7.24,21,0.345,12.6,17.4,0.719,7.9,29.7,11.1,5.45,1.72,13.3,17.8,0
Loyola MD,-8.4,-7.95,8,10,66.1,65.7,40.3,24.9,56.3,0.442,6.9,21.6,0.319,9.43,13.8,0.684,8.2,32.1,14.9,7.83,2.67,13,15.3,0
Maine,-18.38,-5.34,3,15,62.4,71.1,40,23.6,57,0.414,6.76,22,0.308,8.45,11.9,0.71,8.83,31.4,13.3,7.17,2.76,12.6,17.4,0
Manhattan,-7.64,-3.85,8,12,70.9,72.6,40.5,24.3,55.3,0.44,5.63,18.3,0.307,16.6,22.5,0.735,10.1,33.3,11.5,7.17,3.33,14.5,18,0
Marist,-4.26,-4.86,9,11,68.8,68.2,40.5,25.4,57.9,0.439,7.5,21.8,0.344,10.4,14.5,0.719,9.13,35.1,8.97,5.83,3.37,12.4,15.6,0
Marquette,11.36,8.96,11,8,74,71.6,40.3,26.9,59.8,0.45,8.59,25,0.344,11.6,15.7,0.741,7.84,34.8,16,7.78,5.16,12.4,17.4,1
Marshall,-4.57,0.14,4,14,74,76.5,40,27.8,63.8,0.436,7.58,25.2,0.301,10.7,15.2,0.705,10.8,37.2,14.3,6.76,4.85,13.1,15.5,0
UMBC,-6.06,-6.51,11,7,73.7,72.1,40.2,25.4,57.3,0.444,9.19,24.3,0.378,13.7,17.5,0.784,7.38,32.8,12.4,4.78,2.06,11,13.3,0
Maryland-Eastern Shore,-13.1,-7.14,6,8,65.9,66.4,40.4,23.4,57.9,0.404,7.74,24.6,0.314,11.4,17.7,0.644,10.8,34.6,12.4,10.1,2.26,15.4,16.8,0
Maryland,9.34,9.12,7,13,70.9,70.7,40.3,24.7,57,0.433,6.91,21.2,0.326,14.7,19.3,0.759,9.47,35.2,11.6,6.38,3.19,11.4,15.2,0
UMass Lowell,-7.08,-6.65,7,11,70.7,65.8,40.3,26.8,60.2,0.445,5.9,19.3,0.306,11.2,15.9,0.702,10.5,35.9,11.7,7.32,4.16,12.5,16,0
Massachusetts,-0.67,1.7,7,11,75.7,78.1,40.5,25.7,59.4,0.433,9.5,25.6,0.371,14.8,19.5,0.758,10.5,33.7,13.7,6.47,2.59,11.6,17.1,0
McNeese State,-11.76,-5.04,4,10,78.2,77.4,40.9,28.3,62.8,0.451,6.45,20.6,0.313,15.2,23,0.659,13.9,40.5,12.7,7.79,3.52,16.2,20.1,0
Memphis,14.67,7.86,13,5,75.2,68.3,40,26.9,57.4,0.469,6.21,17.5,0.355,15.1,21.7,0.694,12.5,38.8,15.8,8.39,5.45,16,18.8,1
Mercer,-3.41,-1.15,8,10,70.5,70.5,40.3,25.1,54.9,0.457,8.12,23.2,0.351,12.2,15.8,0.77,7.88,32.9,14.3,6.15,2.97,12.4,15.2,0
Merrimack,-10.86,-6.82,9,8,61.4,64.4,40.3,22.4,53.3,0.421,7.13,21.6,0.331,9.43,14,0.675,7.47,28.5,11.5,9.03,4,11.8,15.9,0
Miami FL,11.22,7.62,14,6,73.9,70.4,40.1,27.3,57.7,0.473,6.95,20.5,0.339,12.4,16.6,0.742,7.27,30.6,14.1,8.86,3.19,9.51,14.9,1
Miami OH,-6.35,-4.14,8,12,75.3,73.5,40.3,27.2,61.9,0.439,9.13,26.4,0.346,11.8,14.9,0.787,9.84,34.6,13.8,5.53,3.16,10.4,16,0
Michigan State,13.18,9.96,11,9,72.3,69,40,26.1,57.2,0.456,7.28,19.3,0.378,12.8,17.1,0.75,10.1,36.9,15.7,5.69,5.03,12.8,16.9,1
Michigan,14.26,11.02,11,9,72.6,69.4,40,26.9,57.6,0.467,6.26,18.5,0.339,12.6,16.9,0.746,9.91,35.7,14.1,4.71,3.29,11.6,15.2,1
Middle Tennessee,4.5,-1.16,13,5,74.9,67.2,40.8,26,57.8,0.45,8.16,24.7,0.33,14.7,19.4,0.756,10.3,35.3,12.4,7.97,4.22,12.9,18.4,0
Milwaukee,-13.19,-6.32,8,14,64.8,70.8,40,23.8,56.4,0.422,6.22,19.6,0.317,10.9,15.3,0.717,8.94,35.9,11.4,4.91,3.72,13.2,16.9,0
Minnesota,5.93,8.13,4,16,67,69.2,40.3,24.8,56.6,0.438,7.8,21.2,0.368,9.6,13.4,0.718,6,30.7,12.6,5.33,2.77,9.2,14.1,0
Mississippi State,11.83,7.6,8,10,70.5,66.2,40.4,25.3,55.6,0.455,4.62,15.6,0.295,15.3,21.2,0.721,11.3,36.3,13.4,7.91,3.32,13.1,15.7,0
Mississippi Valley State,-22.15,-6.4,2,16,67.2,83,40.9,23.8,61.5,0.386,7.11,23.3,0.305,12.6,19.3,0.655,9.61,31.7,11.6,7.39,2.46,13.4,18.1,0
Mississippi,6.72,7.25,4,14,68.1,68.7,40.5,24.8,57,0.435,6.94,21.3,0.326,11.6,16.3,0.711,9.25,33.4,13.2,7.09,2.78,12.2,15.2,0
UMKC,-5.49,-5.23,12,6,74.5,67.3,40,27.6,57.7,0.478,7.26,19.8,0.366,12.1,17.9,0.676,6.74,31.2,13.2,7.42,2.77,10.5,20.2,0
Missouri State,8.29,1.05,13,5,77.3,68.9,40.3,28.1,58.2,0.482,8.32,22.2,0.374,12.9,16.1,0.797,8.09,35.3,12.1,5.32,3.32,10.6,15.4,0
Missouri,2.94,9.1,5,13,65.5,70.5,40.2,23.9,56.2,0.426,5.18,18.5,0.281,12.4,16.8,0.736,10.9,35,12.1,6.52,4.06,14.4,17.8,0
Monmouth,-0.39,-1.68,11,9,68.6,67.3,40.3,23.6,56.3,0.418,6.35,19.2,0.331,15.1,20.8,0.728,10.4,36.5,11.7,6.26,3.32,11.7,18.1,0
Montana State,-0.26,-5.54,16,4,76.5,69.3,40.4,26.4,55.8,0.473,7.66,20.8,0.368,16.1,21.4,0.754,8.71,35.1,13.2,5.23,3.66,12.9,18.3,1
Montana,-6.48,-6.21,11,9,72.2,66.9,40.2,24.8,54.8,0.453,7,20,0.349,15.6,19.8,0.785,6.25,30.6,13.1,5.5,2.84,10.3,18.7,0
Morehead State,0.79,-3.43,13,5,70,63.5,40.1,25.5,56,0.456,8.32,23.1,0.36,10.6,15.9,0.667,10.3,36.6,16.1,5.85,5.76,13.5,15,0
Morgan State,-12.62,-8.12,7,6,75,72.3,40.2,27.5,63,0.437,6.14,19.6,0.313,13.8,20.4,0.677,12,36.8,14.8,8.46,3.43,15.4,19.7,0
Mount St. Mary's,-8.2,-7.2,9,7,66.1,65.3,40.3,25,56.4,0.443,5.93,17.2,0.345,10.2,14.8,0.688,10.7,35,13.3,5.7,4.03,12.9,15.7,0
Murray State,9.87,-3.07,18,0,79.1,63.2,40.1,28.8,60.5,0.476,8,22.8,0.351,13.6,19.6,0.692,12.5,39.1,14.7,7.82,3.18,11.4,15.4,1
Navy,-2.94,-6.36,12,6,65,60.1,40.3,24.1,56,0.43,5.75,17.7,0.326,11.1,16.9,0.655,11.8,37.3,12.3,7.06,3.34,12.9,16,0
Nebraska Omaha,-16.99,-2.27,4,14,69.6,83.5,40,25.2,58.4,0.431,7.07,19.9,0.355,12.2,16.7,0.731,8.73,32.8,10.9,4.8,2.57,13.7,19.2,0
Nebraska,3,8.25,4,16,73.3,78.5,40.8,26,58.6,0.444,7,21.9,0.32,14.3,19.5,0.731,7.31,33.1,12.8,7.19,2.72,12.6,17.4,0
UNLV,7.2,4.58,10,8,69.9,65.6,40,24.4,57.6,0.425,8.22,24.5,0.336,12.8,17.3,0.738,9.63,36.1,13.8,6.13,2.81,11.2,17.8,0
Nevada,3.71,6.07,6,12,72.5,73.7,40,25.9,57.6,0.449,6.97,20.9,0.333,13.8,18.5,0.749,8.29,34.7,14.6,6.39,3.32,13.2,17.6,0
New Hampshire,-6.32,-7.21,10,8,68.8,65,40,25.2,57.3,0.44,8.64,23.6,0.366,9.68,14.5,0.669,9.96,35.9,12.1,4.64,2.86,9.07,13.4,0
New Mexico State,7.11,1.24,13,4,72.5,64.6,40.1,25.6,56.3,0.454,7.88,23.9,0.33,13.5,19.2,0.702,10.9,38.2,13.7,5,4.06,14.1,15.9,1
New Mexico,1.25,4.32,5,12,74.3,75.3,40.3,26.1,60,0.434,7.78,22.6,0.344,14.3,19.1,0.75,8.66,34,11.8,6.25,4.34,11.7,18.3,0
New Orleans,-7.88,-7.16,10,4,77.2,74.5,40.3,27.8,59.7,0.466,4.13,13.4,0.308,17.4,23.8,0.731,9.47,36.6,13,7.94,2.75,14.3,18.8,0
Niagara,-3.09,-2.98,9,11,67.4,65.5,40.5,24.6,55.9,0.439,6.97,20.2,0.345,11.3,15.5,0.731,7.63,32.4,12.2,5.63,2.67,10.9,15.2,0
Nicholls State,-3.62,-5.9,11,3,78.5,71.3,40.3,30.8,65.8,0.469,8.15,24.9,0.327,8.64,13.8,0.625,11.8,38.3,13.6,8.27,3.94,12.3,18.2,0
NJIT,-14.63,-6.17,6,12,63,70,40.5,22.6,55.3,0.409,6.41,19.6,0.327,11.3,17.2,0.659,8.28,34.3,10.1,6.07,3.66,12.8,15.8,0
Norfolk State,-3.91,-9.3,12,2,74.3,64.4,40,26.3,57,0.461,6.97,20.3,0.343,14.8,21.1,0.699,10.3,38.5,12.5,6.68,3.58,14,17.6,1
North Alabama,-11.33,-3.21,2,14,69.4,68.5,40.3,25.1,63.4,0.395,8.27,26.2,0.316,11,14.6,0.753,10.9,36.1,10.1,6.83,3.47,11.9,18.6,0
UNC Asheville,-4.52,-5.28,8,8,75.3,68.8,40.9,26,56.8,0.457,8.22,22.6,0.363,15.2,20.9,0.726,9.31,33.9,12.7,6.5,4.91,12.3,15.8,0
North Carolina A&T,-9.91,-4.46,6,10,67.7,70.3,40.3,25.2,59.3,0.424,6.31,20.2,0.312,11,16.9,0.654,11.1,35.5,12.3,7.78,3.22,12.7,19.1,0
North Carolina Central,-11.39,-7.47,8,5,72.8,68.4,40.5,26.1,58.1,0.449,6.48,19.5,0.332,14.1,21.1,0.668,11.7,36.1,12.4,8.74,2.16,15.7,20.4,0
UNC Greensboro,-2.47,-1.99,9,9,65.1,65,40.5,23.4,54.4,0.431,7.31,21.4,0.342,10.9,15.1,0.721,10.9,35,12.1,6.41,1.59,13,15.3,0
N.C. State,3.77,6.37,4,16,73,75.6,40.8,25.8,62.4,0.413,8.34,24.5,0.341,13.2,18.2,0.725,11.8,34.8,11.3,7.03,3.69,10,16.5,0
UNC Wilmington,-0.66,-2.84,15,3,72.1,69,40.8,25.1,59.2,0.424,7.14,21.4,0.333,14.8,19.9,0.743,10.2,33.5,10.6,7.61,4.03,10,18,0
North Carolina,15.5,8.89,15,5,77.9,71.3,40.4,27.6,61.8,0.447,8.41,23.5,0.358,14.3,18.7,0.764,11.5,41.3,14.9,5.18,3.92,11.7,14.5,1
North Dakota State,-1.6,-4.66,13,5,74.8,68.7,40.6,26.3,56.9,0.462,7.61,21.2,0.358,14.7,19.3,0.761,8.33,37.4,11.1,3.91,3.45,11.6,15.6,0
North Dakota,-16.57,-5.26,2,16,70.3,78.8,40.2,23.8,58.9,0.405,8.97,26,0.345,13.6,18.5,0.734,10,35.5,12,4,1.87,12,17.4,0
North Florida,-8.35,0.08,7,9,68.5,71.2,40.3,23.4,56.2,0.416,9.55,28.2,0.339,12.2,16.8,0.727,9.1,33.8,12.7,5.55,4.81,14.6,15.7,0
North Texas,8.98,1.28,16,2,65.1,55.7,40.3,22.6,51,0.442,7.72,21.6,0.357,12.3,18.8,0.65,10.4,34.1,11,6.53,2.78,11.4,15.8,0
Northeastern,-6,-1.19,2,16,64.3,69.1,40.3,22.9,52.4,0.437,6.77,21.2,0.32,11.8,16,0.734,8.06,32,11.4,4.71,2.74,14,15.2,0
Northern Arizona,-13.5,-4.1,5,15,67.5,73.3,40.3,24.1,57.7,0.417,8.66,24.2,0.358,10.8,16.2,0.664,10.4,36.7,12.6,4.5,2.5,13.5,18.3,0
Northern Colorado,-4.53,-3.67,13,7,77.9,76.9,40.4,27.6,58.1,0.475,10.2,26.8,0.381,12.5,17.6,0.709,7.58,34.3,12.3,3.97,2.89,12.4,17.2,0
Northern Illinois,-10.5,-3.07,6,14,64.1,71.5,40.2,23,54.9,0.419,5.83,18.4,0.317,12.3,18.2,0.675,8.47,32.3,11.2,6.27,2.73,13.7,20.4,0
Northern Iowa,5.79,3.43,14,4,74.5,71,40.8,25.7,56,0.459,8.69,24.4,0.355,14.3,18.2,0.789,6.75,32.6,11.8,5.75,1.41,11.1,13.9,0
Northern Kentucky,-3.19,-6.19,14,6,69.9,65.1,40.6,25.2,58.7,0.429,8.75,25.3,0.345,10.8,15.2,0.714,12.4,35.5,13.8,9.06,2.5,13.2,15.3,0
Northwestern State,-14.06,-3.2,5,9,73.8,80.4,40,28,62.9,0.445,7.28,21.3,0.342,10.6,15.3,0.694,11,35.8,15,6.34,3.5,13.9,16.9,0
Northwestern,8.91,7.11,7,13,73,69.9,40.6,26.6,62.2,0.427,8.35,24.1,0.347,11.5,15.9,0.719,9.52,35.5,15.8,6.48,3.48,9.77,17.6,0
Notre Dame,11.87,7.01,15,5,72.6,67.1,40.6,26.1,56.4,0.463,9.09,23.8,0.381,11.3,15,0.753,7.17,34,14,5.2,1.86,10.4,12.7,1
Oakland,-1.52,-4.06,12,7,74.4,68.6,40.2,25.8,58.6,0.439,7.34,24.3,0.302,15.6,19.6,0.794,10.8,34.5,13.4,9.03,2.41,12.3,13.7,0
Ohio State,14.17,9.08,12,8,72.8,67.7,40.3,25.6,54.4,0.471,7.84,21.5,0.365,13.8,18.2,0.757,9,34.6,12.5,4.5,4.75,11.2,16.4,1
Ohio,1.5,-4.17,14,6,74,67.9,40,25.7,59.5,0.431,9.03,26.9,0.335,13.7,18.8,0.729,10,34.1,12.6,7.51,2.6,10.5,14.4,0
Oklahoma State,13.28,10.58,8,10,68.4,65.7,41,25.1,57.9,0.434,5.37,18.2,0.295,12.7,19.1,0.667,11.6,37.1,12.7,8.53,5.43,15.1,17.4,0
Oklahoma,14.12,10.1,7,11,69.1,65,40.6,25.3,53.1,0.476,7.6,21.9,0.347,10.9,14.6,0.747,7.66,31.8,14,7.37,1.89,14.7,15.5,0
Old Dominion,-1.32,-0.09,8,10,66.5,67,40.2,24.6,56.6,0.434,4.41,15,0.294,12.9,19.3,0.672,11.4,37.3,12.3,6.41,3.28,11.9,15.9,0
Oral Roberts,-0.84,-4.49,12,6,83.3,74.4,40.3,30.2,66.2,0.457,11.6,30.6,0.38,11.2,15.4,0.73,10.7,40.2,11.7,5.52,4.19,9.9,15.4,0
Oregon State,-1.44,8.4,1,19,68.3,78.1,40.6,25.6,57.9,0.443,5.68,17.8,0.319,11.3,16,0.709,9.03,30.8,12.1,5.97,3.03,12.5,17.5,0
Oregon,10.05,8.05,11,9,72.3,69.7,40.3,26.7,59.3,0.451,7.11,21.4,0.333,11.7,17.3,0.679,10.5,35.1,12.2,6.8,3.49,11.7,16.6,0
Pacific,-8.02,0.41,3,11,65.9,72.7,40.2,23.7,57,0.415,6.07,19.1,0.318,12.5,18.2,0.686,8.07,32.8,11.4,6.4,2.57,12.3,16.5,0
Penn State,8.72,9.1,7,13,64.6,65,40.5,23.9,55.2,0.432,8.03,23.5,0.342,8.84,12,0.735,9.26,35.3,11.9,5.29,2.16,11.8,15.4,0
Penn,-3.93,-0.5,9,5,72,75.5,40.4,26.7,59.9,0.446,8.07,24.1,0.335,10.5,14.5,0.728,8.82,34.5,12.6,5.5,2.25,11.8,17.3,0
Pepperdine,-7.04,3.42,1,15,68.2,77.5,40.3,25.3,60.5,0.418,7.25,21.3,0.34,10.3,14.4,0.718,9.88,34.5,14.8,5.66,2.34,14.7,17.9,0
Pittsburgh,0.45,6.98,6,14,61.5,68.1,40,21.1,50.9,0.414,5.38,17.1,0.314,14,20.1,0.696,9.91,33.8,11,5.38,3.84,13.6,15.3,0
Portland State,-7.7,-5.67,10,10,73.5,72.2,40.3,26.5,61.5,0.43,6.16,20.6,0.298,14.5,19.5,0.742,10.3,33.9,11.4,9.32,3.29,12.4,19.8,0
Portland,-1.71,-1.11,7,7,74.2,72.2,40.1,25.2,57.7,0.437,7.76,22.2,0.35,16,20.2,0.791,8.24,36.2,14.3,5.06,2.53,13.2,16.4,0
Prairie View A&M,-10.47,-3.66,8,8,69.5,76.3,40.6,24,56.1,0.428,6.33,18.3,0.345,15.2,21.6,0.703,11,35,11.4,8.48,3.07,17.4,21.2,0
Presbyterian,-8.47,-3.65,4,12,67.8,67.9,41.4,24.8,58.8,0.422,5.72,21.2,0.27,12.5,18.5,0.674,12.2,35.6,12.6,7.91,2.72,13.6,19.1,0
Princeton,2.65,-3.95,12,2,79.8,70.1,40.5,30.3,62.2,0.488,10.9,28.2,0.387,8.27,12.9,0.639,8.93,35.5,15.5,6.2,1.8,10.2,14,0
Providence,13.08,7.75,14,3,71.5,66.2,40.8,24.5,56.3,0.435,7.36,21.4,0.344,15.2,20.8,0.728,10.5,37.6,13.2,5.03,3.67,11.4,16,1
Purdue,19.15,8.23,14,6,79.4,68.4,40.4,27.7,56.6,0.49,8.51,22.2,0.384,15.4,21.6,0.711,11.1,38.7,16.2,4.65,3.46,11.8,14.5,1
Quinnipiac,-5.56,-4.2,7,13,71.8,71.5,40.2,25.5,59,0.431,8.9,25.8,0.345,12,15.7,0.765,9.87,35.4,14.4,6.35,2.13,13,16.7,0
Radford,-9.23,-3.9,7,9,63.2,67.4,40.5,23,55.4,0.414,6.93,22.6,0.307,10.3,15.4,0.669,10.1,33.3,10.9,6.62,1.52,13.8,17.9,0
Rhode Island,2.92,1.22,5,12,67.1,65,40,24.8,54.4,0.456,5.35,15.9,0.337,12.2,19.6,0.62,9.65,36.3,13.5,7.39,6,14.3,17.2,0
Rice,-2.74,-1.19,7,11,74.1,73.4,40.6,26.3,57.3,0.459,9,24.3,0.37,12.5,17.5,0.715,8.85,35.6,15.5,5.12,1.82,12.5,13.9,0
Richmond,7.07,4.48,10,8,71,68.4,40.3,25.2,57.1,0.442,7.84,23.8,0.329,12.7,17.7,0.718,7.57,32.3,14.5,7.59,2.35,9.76,13.9,1
Rider,-5.87,-3.56,8,12,67.8,69.3,40.5,25,60.5,0.414,5.58,17.3,0.322,12.2,16.5,0.736,10.9,37.1,12.7,6.85,2.45,11.8,17.1,0
Robert Morris,-12.5,-5.47,5,16,69.4,74.7,40.3,25.7,55.5,0.463,6,17.7,0.339,11.9,15.7,0.759,8.94,32.6,12.7,6,3.81,14.3,15.5,0
Rutgers,8.78,6.81,12,8,68.5,66.5,40.6,25.8,58,0.445,6.22,18.3,0.339,10.7,15.2,0.7,10.2,35.7,15.2,7.03,4,11.5,15.8,1
Sacramento State,-12.06,-5.36,6,14,65.4,70.2,40.2,24,55.7,0.431,6.76,18.8,0.359,10.7,15.8,0.678,7.76,31.1,11,5.97,2.83,11.1,17.2,0
Sacred Heart,-13.41,-8.79,6,10,72.7,75.1,40.3,26.9,60.4,0.445,8.07,23.5,0.343,10.8,14.9,0.725,11.2,36.2,14.5,5.47,2.2,13.9,15.6,0
St. Francis PA,-14.57,-7.91,5,13,68.6,73.5,40.5,25.5,60.3,0.423,5.9,18.7,0.315,11.8,18.2,0.648,11.9,36.6,13,6.57,2.77,12.6,14.7,0
Saint Joseph's,1,2.46,5,13,67.6,69.1,40.3,24.9,59.1,0.421,8.93,26.6,0.336,8.87,13.6,0.654,9.73,37.6,13.5,4.93,2.47,13.5,16.1,0
Saint Louis,9.83,3.45,12,6,76.2,67.9,40.4,27.4,59.7,0.458,6.74,18.3,0.369,14.7,19.3,0.763,11.9,38.6,14.8,6.43,3.11,12.9,17.9,0
Saint Mary's,14.82,6.58,12,3,69.7,60.6,40,26.1,56.3,0.464,7.24,20.5,0.353,10.2,13.5,0.758,8.62,33.7,13.5,6.91,2.53,11.2,15.6,1
Saint Peter's,2.96,-0.47,14,6,67,62.5,40.3,23.4,54.9,0.427,5.82,16.6,0.35,14.3,20.4,0.701,10.8,35.8,12.3,7.06,5,13.4,19.7,1
Sam Houston State,0.07,-1.16,13,5,68.8,63.1,40.2,25.6,60.1,0.426,8.7,25.4,0.343,8.88,14.7,0.605,10.5,37.4,14.1,7.61,2.45,12.6,18,0
Samford,-3.01,-1.76,10,8,74.7,73.8,40.3,26.8,60,0.446,8.78,26.1,0.336,12.4,17,0.73,10.6,35.6,12.8,7.44,2.94,13.8,17.6,0
San Diego State,13.13,5.85,13,4,65.4,58.1,40.5,23.8,55,0.432,6,16.9,0.354,11.8,17.1,0.692,9.84,35,11.9,7.47,4.75,12.8,17.5,1
San Diego,-3.32,1.48,7,9,65.8,67.3,40.3,24.8,58,0.428,5.48,16.4,0.335,10.7,14.9,0.715,9.58,35.9,9.94,5.06,3.68,12.5,15.9,0
San Francisco,14.12,5.24,10,6,77.4,67.8,40.1,27.8,60.7,0.457,9.62,27.5,0.35,12.2,17.6,0.694,10.6,37.9,13,7.68,4.65,12.8,18.1,1
San Jose State,-7.01,3.79,1,17,64.3,72.3,40.2,23.7,55.4,0.427,8.81,25,0.352,8.13,12.4,0.658,7.61,31.1,13,5.23,3.16,13.2,16.3,0
Santa Clara,8.98,3.61,10,5,77.3,71.9,40.2,28.8,59.4,0.484,7.21,19.1,0.378,12.5,16.4,0.762,7.45,35.5,15.1,5.97,3.76,11.5,15,0
Seattle,1.96,-4.1,14,4,74.8,66.6,40.2,25.9,62.2,0.417,9.66,28.4,0.34,13.3,17.4,0.766,9.97,37.6,13.6,6.91,3.63,11.6,20.5,0
Seton Hall,12.75,8.52,11,8,71.9,66.4,40.2,25.3,60.2,0.42,7.31,21.6,0.338,14.1,18.8,0.753,12.1,38.5,10.3,7.06,5.41,12.1,15.6,1
Siena,-6.4,-3.5,12,8,66.3,69.2,40.5,23.8,55.9,0.426,6.76,19,0.356,11.9,16.2,0.733,8.28,32.9,10,6.21,4,12.6,16,0
South Alabama,0.23,-3.59,9,7,71.6,64,40.3,26.2,56.9,0.46,6.79,20.2,0.337,12.5,18,0.692,9.7,34.5,11.9,6.97,4.88,12.6,16.4,0
South Carolina State,-13.04,-8.39,7,7,71.8,72.5,40.5,25.7,65.5,0.393,6.35,21.2,0.3,14.1,20.4,0.689,15.2,41.8,12.2,6.65,3.58,14.8,19.8,0
USC Upstate,-9.01,-4.11,10,6,71.5,73.2,40.3,25.5,57,0.447,8.03,22,0.365,12.5,16.5,0.756,7.59,32.5,13.7,6.34,3.31,12.7,19.1,0
South Carolina,7.14,8.37,9,9,71,70.3,40.2,26.2,61.7,0.424,6.81,21.5,0.316,11.8,17.6,0.671,12.9,38.3,14,7.84,5.06,15.2,19.4,0
South Dakota State,6.6,-3.77,18,0,85.9,73.2,40.1,30.8,59.1,0.521,9.31,20.9,0.445,14.9,19.7,0.758,7.37,35.5,15.1,6.09,2.54,11,15.3,1
South Dakota,-4.43,-5.61,11,7,75.1,70.9,40.3,26.7,57.4,0.466,7.13,19.1,0.374,14.5,19.4,0.75,8.77,34.4,11.9,4.42,2.29,9.97,17.6,0
South Florida,-3.05,4.4,3,15,57.5,64.9,40,21.6,57.7,0.374,4.45,17.6,0.252,9.77,14.7,0.666,11.3,35.9,10.9,6.23,3.74,12.5,17.1,0
Southeast Missouri State,-7.19,-4.69,8,9,75.6,77.3,40.2,25.6,58.5,0.437,8.78,25.5,0.344,15.7,21.4,0.732,9.06,33.3,13.9,6.47,2.66,13.1,20.3,0
Southeastern Louisiana,-9.03,-5.77,10,4,78.8,77.7,40.1,26.8,58.3,0.46,8.88,24.9,0.357,16.3,21.5,0.758,9.24,32.9,15.3,7.94,3.88,14.3,16,0
USC,12.5,6.09,14,6,72.4,66,40.3,26.8,58.9,0.455,6.76,18.9,0.357,12.1,18.2,0.664,11.7,40.1,14.3,5,4.44,12.2,15.6,1
SIU Edwardsville,-10.37,-4.71,5,13,67.5,69.9,40.5,24.1,57.8,0.418,5.88,20.2,0.291,13.4,19.4,0.691,12.8,37.4,12.3,7.13,3.81,15.1,18.3,0
Southern Illinois,2.83,0.73,9,9,64,61.4,40,23,51.6,0.446,7.71,21.8,0.354,10.3,15,0.69,7.03,30.4,12,5.48,2.1,11.4,15.3,0
SMU,11.14,4.44,13,4,73.8,67.1,40.2,25.1,56.9,0.44,8.48,24,0.354,15.2,20.3,0.75,9.48,37.8,13.8,6.27,4.3,12.3,15.2,0
Southern Miss,-13.58,-0.38,1,17,64.4,74.9,40.3,24.3,56.5,0.429,5.36,17.1,0.313,10.5,15.3,0.688,8.21,33.5,12.3,5,2.76,13.3,16,0
Southern Utah,-1.51,-4.57,14,6,77.7,72.5,40.6,27.5,59.7,0.461,8.34,24.3,0.343,14.4,20.2,0.714,10.1,37.6,12.1,6.06,2.49,12.7,17,0
Southern,-5.17,-6.9,11,6,71.9,67.9,40.2,25.5,57.9,0.44,6.87,19.5,0.353,14,20.1,0.696,9.55,31.5,13.4,10.5,2.58,14.5,20.5,0
St. Bonaventure,8.27,4.79,12,5,70,66.5,40.2,26.3,58.1,0.453,6.06,18.3,0.331,11.3,15.1,0.751,8.97,33.6,13.7,6.33,4.76,10.3,13.3,0
St. Francis NY,-13.49,-7.93,7,11,67.2,70.5,40.3,24.9,60.8,0.409,7,22.3,0.314,10.5,14.8,0.711,11.3,35.3,11.9,6.67,2.6,12.4,16.6,0
St. John's,11.95,6.51,8,11,79.6,74.2,40.3,30.3,66.8,0.453,7.25,21.6,0.335,11.8,17.4,0.677,12,37.8,18.8,8.84,5.47,11.9,17.9,0
St. Thomas,-11.15,-5.59,4,14,74.7,75.3,40,26.7,60.5,0.441,11.1,31.2,0.357,10.2,13.5,0.758,6.2,29.6,12.6,5.17,1.27,8.1,17,0
Stanford,6.27,8.59,8,12,66.4,68.7,40.2,24.1,55.6,0.433,7.28,21.5,0.339,11,16.7,0.659,11.5,36.9,13.1,5.56,2.59,15,17.4,0
Stephen F. Austin,2.43,-1.6,14,4,74.5,68.4,40.2,27.4,57.8,0.474,5.91,17.9,0.33,13.8,20.4,0.678,11.6,35.2,15,9.06,4.06,16.4,19.7,0
Stetson,-10.34,-4.07,5,11,69.7,71.5,40.7,25.5,59.3,0.43,8.5,24.3,0.35,10.2,14.7,0.69,10.5,35.6,14.3,7.03,2.93,13,14.8,0
Stony Brook,-6.63,-5.43,10,8,72.9,73.1,40.2,26.3,60,0.438,8.19,24.2,0.339,12.2,16.2,0.752,9.65,34.8,11.2,6.71,2.9,10.6,14.3,0
Syracuse,10.12,7.82,9,11,77.4,75.1,40.8,27.7,61.5,0.451,9.09,24.1,0.377,12.8,17.4,0.737,10.6,36.3,14.6,7,3.76,10.7,14.2,0
Tarleton State,-3.18,-0.5,9,9,64.6,65.3,40.2,22.7,54.3,0.419,5.03,16.5,0.305,14.1,18.6,0.754,9.42,30.5,11.3,7.65,2.19,12.2,18.1,0
Temple,4.61,4.3,10,7,66.8,66.4,40.3,22.4,56.7,0.395,6.72,21.7,0.311,15.3,22.5,0.679,12.3,38.8,11.8,6.76,4.66,12.6,18.4,0
Tennessee-Martin,-11.13,-3.02,4,14,68.9,73.5,40,25.4,61.2,0.415,6.83,22.8,0.299,11.3,16.1,0.7,11.7,36.9,11.8,6.6,4.37,13.3,18.1,0
Tennessee State,-9.34,-7.31,8,10,71.3,70.2,40.2,25.8,57.9,0.445,6.59,18.8,0.35,13.2,18.4,0.715,10.4,35,12.3,6.75,3.34,13.9,19.1,0
Tennessee Tech,-7.27,-3.03,7,10,72.8,73.7,40.3,28,62.4,0.449,7,20.5,0.342,9.69,14.7,0.661,11.6,37.1,16,7.25,3.72,13.3,14.5,0
Tennessee,20.46,9.94,14,4,73.5,62.9,40.3,26.1,60.2,0.434,8.71,24.2,0.36,12.5,17.4,0.715,11.7,36.9,16.5,9.31,4.29,12.3,16.9,1
Texas A&M Corpus Chris,-6.78,-9.1,7,7,76.6,70.1,40.1,26.9,60.9,0.443,6.4,19,0.336,16.3,22.2,0.737,12.8,38.3,15.1,8.51,1.77,14.1,20.3,1
Texas A&M,12.93,7.42,9,9,72.7,66.1,40.5,25.9,58.4,0.443,6.5,20,0.325,14.5,20.6,0.703,12.1,35.5,13.5,9.95,3.4,13.1,17.5,0
UT Arlington,-5.49,-0.94,7,10,67.2,68.7,41.4,24.5,58.5,0.419,6.34,20.2,0.313,11.8,16.8,0.701,11.6,36.8,14,7.83,4.24,14,17.9,0
TCU,13.72,10.16,8,10,68.5,64.9,40.3,25.4,57.7,0.439,5.53,18.3,0.302,12.2,18.1,0.674,13,39,13.6,6.44,4.15,14.5,15.5,1
UTEP,0.27,-0.48,11,7,69.2,66.6,40.3,24.7,57.4,0.431,7.62,21.8,0.35,12.1,15.9,0.763,8.09,32.1,12.1,7.44,3.56,11.6,18.1,0
UT Rio Grande Valley,-10.18,-1.28,3,15,71.4,78.6,40,24.5,55.5,0.441,6.32,20.8,0.304,16.1,23.1,0.695,8.74,34.5,12.2,5.23,3.19,15.4,20,0
UTSA,-10.46,-1.49,3,15,67.3,72.3,40.2,24.8,62.8,0.396,6.25,21.3,0.294,11.3,16.6,0.682,12.7,38.3,11.4,5.72,2.53,12.7,16.4,0
Texas Southern,-3.3,-6.24,13,5,69,66.1,40.2,25.1,57.9,0.433,5.63,17.9,0.314,13.2,19.5,0.679,11.8,39.4,10.7,5.56,5.16,14.9,17.7,1
Texas State,0.14,-2.86,12,3,70.4,63.2,40.2,25.5,55.1,0.462,6.31,16.9,0.374,13.2,17.5,0.752,10.1,33.6,12.2,6.48,3.55,12.3,17.1,0
Texas Tech,20.08,8.65,12,6,72.1,60.6,40.4,26.2,55.5,0.472,6.08,18.9,0.321,13.6,19.5,0.698,10.6,36.4,13.7,8,3.51,13.5,16.2,1
Texas,17.01,8.87,10,8,68.8,60.6,40.3,24.5,55.5,0.441,6.62,20,0.33,13.2,17.7,0.746,10.4,33.3,13.2,7.68,3.38,11.6,17.9,1
Toledo,6.26,-3.22,17,3,79.9,68.6,40,29.9,62.4,0.479,6.91,19.5,0.354,13.2,17.5,0.754,10.6,39.9,15.3,5.53,2.76,10.2,15.1,0
Towson,6.47,-2.15,15,3,72.9,64.3,40.1,25.6,57.1,0.448,7.79,21.9,0.357,13.9,19.4,0.719,11.7,36.5,13.5,7.26,2.71,11.9,17.4,0
Troy,-3.56,-3.52,10,6,69.2,65.6,40.3,24.1,56.6,0.425,7.5,22.9,0.327,13.6,18.7,0.727,11.2,37.1,13.8,7.88,2.22,15.3,17.6,0
Tulane,6.74,5.33,10,8,73.1,71.7,40.5,25.3,57.3,0.442,8.07,22.1,0.365,14.4,19.1,0.756,6.72,31.6,13.5,7.93,3.28,10.5,16.1,0
Tulsa,1.56,4.07,4,14,67.4,69.9,40,24,55.4,0.434,6.84,20,0.342,12.5,17.2,0.726,8.97,32.6,11.8,6.84,2.23,12.8,16,0
UCLA,19.3,8.36,15,5,75.4,64.5,40.7,27.6,61.4,0.45,6.77,19.2,0.353,13.4,18.1,0.741,11.3,36.6,13.9,6.97,3.31,8.94,15.8,1
Utah State,10.41,4.53,8,10,73.4,66.9,40.6,27,56.6,0.476,7.79,22.8,0.342,11.7,16.2,0.721,8.41,35.4,18,6.15,2.12,12.5,16.5,0
Utah Valley,2.37,-1.6,10,8,71.2,65.1,40.8,24.9,54.9,0.454,6.38,17.2,0.37,15,21,0.714,10.9,40.5,14.8,5.47,4.47,15.5,16.8,0
Utah,5.45,6.61,4,16,69.7,70.9,40.3,24.3,58,0.419,7.65,22.8,0.335,13.5,17.4,0.774,10.5,36.3,13.5,4.58,2.9,12.3,16.5,0
Valparaiso,-1.61,0.83,6,12,70.8,70.5,41.3,26.1,56.9,0.459,7.19,21.6,0.332,11.3,14.9,0.759,5.44,32.3,12.5,6.38,2.97,11.1,13.5,0
Vanderbilt,11,8.05,7,11,70.8,67.8,40.3,23.6,55.6,0.424,8.61,25.4,0.34,15,21.5,0.697,9.64,34.3,11.8,7.25,3.39,13.1,18.1,0
Vermont,7.81,-5.7,17,1,74.8,60.7,40.1,27.5,55.9,0.492,8.76,24,0.365,11,14.8,0.742,7.29,35,15.1,5.09,2.47,9.59,14,1
Villanova,19.31,10.29,16,4,71.7,62.7,40.1,24.3,56.1,0.432,9.34,26,0.359,13.9,16.7,0.83,10.3,34.8,11.9,6.03,2.18,9.89,14.9,1
VCU,9.83,5.17,14,4,67.1,62.4,40.2,24.8,53.8,0.461,5.66,16.3,0.347,11.7,16.7,0.704,8.38,32.5,13.9,9.19,5.06,15.1,18.7,0
VMI,-2.47,-2.05,9,9,79,74.2,40.5,27.4,59.6,0.459,12.5,32.8,0.381,11.8,14.9,0.792,8.25,36.3,16,4.81,2.72,11.6,14.9,0
Virginia Tech,14.48,6.48,11,9,70.8,62.8,40.1,25.9,55,0.471,8.86,22.6,0.392,10.1,13.5,0.751,8.47,32,14.3,5.33,3.17,10.9,14.9,1
Virginia,8.88,6.6,12,8,62.4,60.1,40.1,23.3,52,0.449,5.03,15.6,0.323,10.7,14.6,0.73,8.57,31.3,14.1,5.71,4.26,9.69,13.7,0
Wagner,-1.12,-9.01,13,3,74.4,64.7,40.7,27.7,59.7,0.463,5.11,17.9,0.285,14,19.3,0.726,11.8,37.3,14.6,8.37,2.81,12.5,19.8,0
Wake Forest,13.24,4.75,13,7,78.5,70.1,40.6,27.9,57.9,0.483,8.46,24.6,0.344,14.2,19.5,0.73,8.71,36.8,15.1,6.49,3.89,13.9,16,0
Washington State,12.57,5.97,11,9,71.5,64.9,40.1,24.5,60.5,0.406,8.95,26.7,0.335,13.4,18.1,0.744,12.5,37.2,11.2,6.41,4.46,11.2,17.4,0
Washington,5.03,6.72,11,9,70.6,72.3,40.5,24.9,60.3,0.413,6.19,19.8,0.312,14.7,20.9,0.701,11,33.4,10.2,8.28,4.13,11.9,16.6,0
Weber State,-1.73,-5.21,13,7,76.2,70.3,40.2,26.6,56,0.475,7.15,21.1,0.339,15.8,21.1,0.749,6.58,32.1,10.6,7.67,2.52,11.6,15.4,0
West Virginia,10.23,10.74,4,14,68.5,69,40,23.6,57.1,0.413,6.3,19.2,0.328,14.9,20.6,0.724,10.8,32.2,10.5,7.79,4.55,12.4,17.4,0
Western Carolina,-10.48,-1.9,5,13,70.7,77.3,40.5,24.6,61.3,0.402,10,31.3,0.319,11.5,17,0.673,11.5,37.5,12.9,4.88,2.38,12.4,17,0
Western Illinois,-6.34,-5.51,7,11,77.9,77.2,40.6,27.8,64,0.434,8.66,26.2,0.331,13.7,19.3,0.708,11.3,37.9,11.4,6.22,2.53,11.4,17.4,0
Western Kentucky,3.3,0.23,11,7,75.4,69.2,40,27.5,58.9,0.467,7.69,21.7,0.354,12.7,17.8,0.714,8.47,35.4,13.9,8.47,5.94,12.1,11.3,0
Western Michigan,-13.51,-2.3,4,16,65.4,75.1,40.5,23.5,56,0.421,8.45,25.4,0.332,9.84,14.1,0.7,9.13,33.1,10.3,5.32,2.32,13.7,16.8,0
Wichita State,8.11,6,6,9,68.5,66.4,40.5,23.5,58.4,0.403,7.54,24.2,0.312,13.9,18.5,0.753,11.9,37.1,12,7.54,4.57,12.9,15.9,0
William & Mary,-13.91,-1.88,4,14,63.9,74.4,40.5,22.6,56.2,0.402,6.75,21.9,0.308,11.9,16.8,0.705,9.75,35.3,11.5,6.59,2.97,16.2,16.8,0
Winthrop,-1.56,-3.63,14,2,75.2,70.2,40.5,26.3,54.2,0.486,8.63,23.2,0.371,14,20,0.7,8.25,34.3,13.4,6.47,2.59,14.6,17.9,0
Wisconsin,13.13,9.16,15,5,69.9,66,40,24.7,58.5,0.422,6.45,21.1,0.306,14.1,19,0.743,9.33,35,11.1,5.3,2.94,8.7,16.8,1
Wofford,2.01,-1.55,10,8,72.6,66.3,40.2,25.6,54.9,0.465,9.47,26.6,0.356,12,15.8,0.758,8.47,31.2,13.3,6.94,1.47,11.6,15.2,0
Wright State,-1.94,-5.11,15,7,75.8,71.8,40,27.4,59.4,0.461,6.47,19.4,0.333,14.5,18.9,0.768,10.5,34.9,14.1,5.89,2.97,12.2,14.5,1
Wyoming,9.36,3.6,13,5,72.5,65.5,40.6,25.1,54.9,0.457,8.09,23.6,0.342,14.3,19.7,0.725,8.24,35.6,11.2,3.91,1.97,11.3,15.2,1
Xavier,13.23,8.34,8,11,74.1,69.2,40.6,26.5,58.7,0.451,6.72,20.9,0.322,14.4,20.7,0.698,10.3,37.1,14.8,7.47,4.33,11.7,15.4,0
Yale,-0.1,-1.34,11,3,71.8,69.1,40.2,25.6,58.1,0.442,6.84,20.9,0.328,13.7,18.6,0.735,8.97,35.9,12,6.23,3.16,12.8,17.5,1
Youngstown State,-6.28,-7.12,12,9,72.6,69.8,40.1,25.8,57.6,0.448,7.53,21.9,0.343,13.5,17.7,0.761,10.2,34.7,11.9,5.38,2.56,11.7,17.4,0
